booking_id,room_id,customer_id,check_in,check_out,actual_check_out,final_price,status,payment_status,notes,created_at,updated_at
B0001,R003,77,2024-12-24,2024-12-27,,5013669.0,completed,paid,,2024-12-24T10:00:00,2024-12-27T12:00:00
B0002,R012,144,2025-12-17,2025-12-22,,9529075.0,completed,paid,,2025-12-17T10:00:00,2025-12-22T12:00:00
B0003,R012,82,2024-04-21,2024-04-22,2024-04-23,537758.0,completed,paid,,2024-04-21T10:00:00,2024-04-22T12:00:00
B0004,R014,26,2024-07-13,2024-07-18,2024-07-19,8652950.0,completed,paid,,2024-07-13T10:00:00,2024-07-18T12:00:00
B0005,R010,40,2025-09-08,2025-09-12,,6123352.0,completed,paid,,2025-09-08T10:00:00,2025-09-12T12:00:00
B0006,R015,35,2024-01-25,2024-01-29,2024-01-28,3790936.0,canceled,unpaid,,2024-01-25T10:00:00,2024-01-29T12:00:00
B0007,R007,84,2024-12-04,2024-12-08,,7687960.0,completed,paid,,2024-12-04T10:00:00,2024-12-08T12:00:00
B0008,R019,19,2025-09-18,2025-09-19,2025-09-18,695338.0,completed,paid,,2025-09-18T10:00:00,2025-09-19T12:00:00
B0009,R001,198,2024-06-08,2024-06-13,2024-06-14,6769450.0,completed,paid,,2024-06-08T10:00:00,2024-06-13T12:00:00
B0010,R006,195,2024-01-29,2024-01-31,,2868866.0,completed,paid,,2024-01-29T10:00:00,2024-01-31T12:00:00
B0011,R017,95,2025-08-28,2025-08-29,,715557.0,completed,paid,,2025-08-28T10:00:00,2025-08-29T12:00:00
B0012,R014,56,2025-07-21,2025-07-22,,1577898.0,completed,paid,,2025-07-21T10:00:00,2025-07-22T12:00:00
B0013,R003,49,2024-02-08,2024-02-10,2024-02-09,1686866.0,completed,paid,,2024-02-08T10:00:00,2024-02-10T12:00:00
B0014,R018,73,2025-04-30,2025-05-04,,3058480.0,completed,paid,,2025-04-30T10:00:00,2025-05-04T12:00:00
B0015,R002,180,2025-10-06,2025-10-08,,1358888.0,completed,paid,,2025-10-06T10:00:00,2025-10-08T12:00:00
B0016,R002,175,2024-05-27,2024-05-30,2024-05-31,2064084.0,completed,paid,,2024-05-27T10:00:00,2024-05-30T12:00:00
B0017,R012,199,2024-11-23,2024-11-27,,7537728.0,completed,paid,,2024-11-23T10:00:00,2024-11-27T12:00:00
B0018,R013,134,2025-10-07,2025-10-09,2025-10-08,1525368.0,completed,paid,,2025-10-07T10:00:00,2025-10-09T12:00:00
B0019,R020,63,2024-01-27,2024-01-28,,1330314.0,completed,paid,,2024-01-27T10:00:00,2024-01-28T12:00:00
B0020,R019,147,2025-02-11,2025-02-16,,6001935.0,completed,paid,,2025-02-11T10:00:00,2025-02-16T12:00:00
B0021,R010,143,2025-05-17,2025-05-20,,4226157.0,completed,paid,,2025-05-17T10:00:00,2025-05-20T12:00:00
B0022,R018,89,2025-10-01,2025-10-03,2025-10-02,3166454.0,completed,paid,,2025-10-01T10:00:00,2025-10-03T12:00:00
B0023,R005,155,2025-02-07,2025-02-12,,9192670.0,completed,paid,,2025-02-07T10:00:00,2025-02-12T12:00:00
B0024,R012,32,2024-12-22,2024-12-25,,5589969.0,completed,paid,,2024-12-22T10:00:00,2024-12-25T12:00:00
B0025,R008,141,2024-06-27,2024-07-02,2024-07-01,6646430.0,completed,paid,,2024-06-27T10:00:00,2024-07-02T12:00:00
B0026,R005,101,2025-04-08,2025-04-09,,1180931.0,completed,paid,,2025-04-08T10:00:00,2025-04-09T12:00:00
B0027,R007,162,2025-04-23,2025-04-28,2025-04-29,7324975.0,completed,paid,,2025-04-23T10:00:00,2025-04-28T12:00:00
B0028,R020,200,2025-10-12,2025-10-14,,3195876.0,completed,paid,,2025-10-12T10:00:00,2025-10-14T12:00:00
B0029,R010,139,2025-04-12,2025-04-17,,6041560.0,completed,paid,,2025-04-12T10:00:00,2025-04-17T12:00:00
B0030,R012,156,2024-02-21,2024-02-22,,1690444.0,completed,paid,,2024-02-21T10:00:00,2024-02-22T12:00:00
B0031,R007,99,2024-09-15,2024-09-16,,708354.0,completed,paid,,2024-09-15T10:00:00,2024-09-16T12:00:00
B0032,R007,108,2025-03-14,2025-03-19,2025-03-20,6098005.0,completed,paid,,2025-03-14T10:00:00,2025-03-19T12:00:00
B0033,R016,48,2025-12-19,2025-12-21,,3363122.0,completed,paid,,2025-12-19T10:00:00,2025-12-21T12:00:00
B0034,R012,27,2024-12-20,2024-12-21,2024-12-22,891837.0,completed,paid,,2024-12-20T10:00:00,2024-12-21T12:00:00
B0035,R008,158,2025-03-08,2025-03-10,2025-03-09,3744244.0,completed,paid,,2025-03-08T10:00:00,2025-03-10T12:00:00
B0036,R017,133,2024-09-17,2024-09-22,,6813370.0,completed,paid,,2024-09-17T10:00:00,2024-09-22T12:00:00
B0037,R016,1,2025-10-04,2025-10-07,,3249774.0,canceled,unpaid,,2025-10-04T10:00:00,2025-10-07T12:00:00
B0038,R010,32,2024-09-08,2024-09-09,,1987316.0,completed,paid,,2024-09-08T10:00:00,2024-09-09T12:00:00
B0039,R014,40,2024-04-07,2024-04-08,,1924064.0,completed,paid,,2024-04-07T10:00:00,2024-04-08T12:00:00
B0040,R020,197,2024-08-26,2024-08-30,,7703140.0,completed,paid,,2024-08-26T10:00:00,2024-08-30T12:00:00
B0041,R002,93,2024-03-07,2024-03-12,,7323570.0,completed,paid,,2024-03-07T10:00:00,2024-03-12T12:00:00
B0042,R002,101,2025-08-01,2025-08-06,,4233415.0,canceled,unpaid,,2025-08-01T10:00:00,2025-08-06T12:00:00
B0043,R012,117,2025-04-11,2025-04-16,,4615630.0,completed,paid,,2025-04-11T10:00:00,2025-04-16T12:00:00
B0044,R018,63,2024-06-19,2024-06-22,,5275515.0,completed,paid,,2024-06-19T10:00:00,2024-06-22T12:00:00
B0045,R020,178,2024-04-19,2024-04-24,2024-04-23,3523190.0,completed,paid,,2024-04-19T10:00:00,2024-04-24T12:00:00
B0046,R014,113,2025-07-22,2025-07-23,2025-07-22,1728014.0,canceled,unpaid,,2025-07-22T10:00:00,2025-07-23T12:00:00
B0047,R003,21,2024-02-03,2024-02-05,2024-02-06,2260602.0,completed,paid,,2024-02-03T10:00:00,2024-02-05T12:00:00
B0048,R012,88,2025-06-27,2025-06-28,,1804766.0,completed,paid,,2025-06-27T10:00:00,2025-06-28T12:00:00
B0049,R011,144,2024-01-19,2024-01-23,,4497476.0,canceled,unpaid,,2024-01-19T10:00:00,2024-01-23T12:00:00
B0050,R005,9,2025-10-20,2025-10-24,,2899372.0,completed,paid,,2025-10-20T10:00:00,2025-10-24T12:00:00
B0051,R013,11,2024-02-16,2024-02-18,,1420240.0,completed,paid,,2024-02-16T10:00:00,2024-02-18T12:00:00
B0052,R017,86,2024-08-11,2024-08-13,,2302374.0,completed,paid,,2024-08-11T10:00:00,2024-08-13T12:00:00
B0053,R018,132,2025-07-04,2025-07-05,,1005968.0,canceled,unpaid,,2025-07-04T10:00:00,2025-07-05T12:00:00
B0054,R019,77,2024-12-16,2024-12-20,2024-12-19,7220244.0,canceled,unpaid,,2024-12-16T10:00:00,2024-12-20T12:00:00
B0055,R005,188,2024-06-05,2024-06-07,2024-06-08,3134804.0,completed,paid,,2024-06-05T10:00:00,2024-06-07T12:00:00
B0056,R017,198,2025-01-27,2025-01-30,,2649933.0,completed,paid,,2025-01-27T10:00:00,2025-01-30T12:00:00
B0057,R017,62,2025-05-19,2025-05-22,2025-05-23,2459850.0,completed,paid,,2025-05-19T10:00:00,2025-05-22T12:00:00
B0058,R019,48,2025-07-02,2025-07-04,2025-07-05,2208204.0,canceled,unpaid,,2025-07-02T10:00:00,2025-07-04T12:00:00
B0059,R009,178,2025-07-17,2025-07-18,,1024284.0,completed,paid,,2025-07-17T10:00:00,2025-07-18T12:00:00
B0060,R004,159,2024-05-17,2024-05-18,,707900.0,completed,paid,,2024-05-17T10:00:00,2024-05-18T12:00:00
B0061,R014,83,2025-05-20,2025-05-23,,5669415.0,completed,paid,,2025-05-20T10:00:00,2025-05-23T12:00:00
B0062,R009,120,2025-08-13,2025-08-15,2025-08-14,1391838.0,completed,paid,,2025-08-13T10:00:00,2025-08-15T12:00:00
B0063,R011,36,2025-12-26,2025-12-29,,1542612.0,canceled,unpaid,,2025-12-26T10:00:00,2025-12-29T12:00:00
B0064,R012,123,2024-09-15,2024-09-20,2024-09-19,9300615.0,completed,paid,,2024-09-15T10:00:00,2024-09-20T12:00:00
B0065,R005,182,2024-12-14,2024-12-16,,2722944.0,completed,paid,,2024-12-14T10:00:00,2024-12-16T12:00:00
B0066,R001,165,2025-03-27,2025-04-01,,6979535.0,completed,paid,,2025-03-27T10:00:00,2025-04-01T12:00:00
B0067,R014,36,2025-06-12,2025-06-13,,610878.0,completed,paid,,2025-06-12T10:00:00,2025-06-13T12:00:00
B0068,R012,78,2025-01-15,2025-01-18,,1743162.0,completed,paid,,2025-01-15T10:00:00,2025-01-18T12:00:00
B0069,R018,20,2025-12-13,2025-12-17,,7089244.0,completed,paid,,2025-12-13T10:00:00,2025-12-17T12:00:00
B0070,R013,60,2024-06-09,2024-06-13,,3010344.0,completed,paid,,2024-06-09T10:00:00,2024-06-13T12:00:00
B0071,R011,169,2025-12-09,2025-12-14,,3555480.0,completed,paid,,2025-12-09T10:00:00,2025-12-14T12:00:00
B0072,R017,179,2024-08-18,2024-08-21,2024-08-22,2129136.0,completed,paid,,2024-08-18T10:00:00,2024-08-21T12:00:00
B0073,R001,17,2024-05-20,2024-05-21,2024-05-22,1766383.0,completed,paid,,2024-05-20T10:00:00,2024-05-21T12:00:00
B0074,R009,58,2024-04-28,2024-05-03,2024-05-02,7943830.0,completed,paid,,2024-04-28T10:00:00,2024-05-03T12:00:00
B0075,R017,109,2025-03-04,2025-03-08,,5689228.0,completed,paid,,2025-03-04T10:00:00,2025-03-08T12:00:00
B0076,R001,52,2025-09-22,2025-09-23,,1678617.0,canceled,unpaid,,2025-09-22T10:00:00,2025-09-23T12:00:00
B0077,R018,192,2024-09-12,2024-09-15,,3542172.0,completed,paid,,2024-09-12T10:00:00,2024-09-15T12:00:00
B0078,R009,125,2024-05-03,2024-05-05,,3677532.0,canceled,unpaid,,2024-05-03T10:00:00,2024-05-05T12:00:00
B0079,R014,28,2025-05-06,2025-05-08,,1144598.0,completed,paid,,2025-05-06T10:00:00,2025-05-08T12:00:00
B0080,R020,30,2024-05-26,2024-05-31,,6784335.0,completed,paid,,2024-05-26T10:00:00,2024-05-31T12:00:00
B0081,R001,13,2025-12-07,2025-12-08,,1014259.0,canceled,unpaid,,2025-12-07T10:00:00,2025-12-08T12:00:00
B0082,R011,137,2025-05-12,2025-05-14,,3006532.0,completed,paid,,2025-05-12T10:00:00,2025-05-14T12:00:00
B0083,R010,165,2025-09-25,2025-09-27,,2122416.0,completed,paid,,2025-09-25T10:00:00,2025-09-27T12:00:00
B0084,R001,146,2025-06-04,2025-06-08,,6545536.0,completed,paid,,2025-06-04T10:00:00,2025-06-08T12:00:00
B0085,R018,36,2024-02-29,2024-03-03,2024-03-02,2550852.0,completed,paid,,2024-02-29T10:00:00,2024-03-03T12:00:00
B0086,R004,57,2025-06-21,2025-06-25,,4375864.0,completed,paid,,2025-06-21T10:00:00,2025-06-25T12:00:00
B0087,R007,109,2025-12-05,2025-12-08,2025-12-07,3419124.0,completed,paid,,2025-12-05T10:00:00,2025-12-08T12:00:00
B0088,R016,153,2025-09-20,2025-09-24,,4367308.0,completed,paid,,2025-09-20T10:00:00,2025-09-24T12:00:00
B0089,R009,19,2024-08-08,2024-08-09,2024-08-10,1080511.0,completed,paid,,2024-08-08T10:00:00,2024-08-09T12:00:00
B0090,R011,36,2025-10-22,2025-10-26,2025-10-25,6077024.0,completed,paid,,2025-10-22T10:00:00,2025-10-26T12:00:00
B0091,R005,83,2025-02-07,2025-02-10,,4512510.0,completed,paid,,2025-02-07T10:00:00,2025-02-10T12:00:00
B0092,R014,38,2025-12-20,2025-12-25,,3566255.0,completed,paid,,2025-12-20T10:00:00,2025-12-25T12:00:00
B0093,R020,172,2025-03-27,2025-03-30,2025-03-31,3287607.0,completed,paid,,2025-03-27T10:00:00,2025-03-30T12:00:00
B0094,R009,123,2025-06-02,2025-06-03,2025-06-02,1950543.0,canceled,unpaid,,2025-06-02T10:00:00,2025-06-03T12:00:00
B0095,R020,54,2024-02-09,2024-02-10,,817617.0,completed,paid,,2024-02-09T10:00:00,2024-02-10T12:00:00
B0096,R002,49,2025-03-23,2025-03-25,2025-03-26,1242244.0,completed,paid,,2025-03-23T10:00:00,2025-03-25T12:00:00
B0097,R013,13,2025-10-23,2025-10-26,,5399301.0,completed,paid,,2025-10-23T10:00:00,2025-10-26T12:00:00
B0098,R015,188,2025-05-24,2025-05-27,,4577049.0,completed,paid,,2025-05-24T10:00:00,2025-05-27T12:00:00
B0099,R001,163,2024-01-06,2024-01-10,2024-01-09,5507332.0,completed,paid,,2024-01-06T10:00:00,2024-01-10T12:00:00
B0100,R010,176,2024-02-02,2024-02-04,,1501474.0,canceled,unpaid,,2024-02-02T10:00:00,2024-02-04T12:00:00
B0101,R004,115,2025-06-12,2025-06-14,2025-06-13,2727122.0,completed,paid,,2025-06-12T10:00:00,2025-06-14T12:00:00
B0102,R010,41,2024-08-23,2024-08-25,2024-08-24,2628368.0,completed,paid,,2024-08-23T10:00:00,2024-08-25T12:00:00
B0103,R010,159,2024-02-14,2024-02-19,,2736240.0,completed,paid,,2024-02-14T10:00:00,2024-02-19T12:00:00
B0104,R007,52,2025-06-15,2025-06-17,2025-06-16,3368330.0,completed,paid,,2025-06-15T10:00:00,2025-06-17T12:00:00
B0105,R016,96,2024-08-27,2024-08-30,,4380366.0,completed,paid,,2024-08-27T10:00:00,2024-08-30T12:00:00
B0106,R013,45,2024-09-11,2024-09-15,,7139208.0,completed,paid,,2024-09-11T10:00:00,2024-09-15T12:00:00
B0107,R018,120,2025-04-10,2025-04-12,,3879748.0,completed,paid,,2025-04-10T10:00:00,2025-04-12T12:00:00
B0108,R011,23,2025-03-01,2025-03-05,,4333644.0,completed,paid,,2025-03-01T10:00:00,2025-03-05T12:00:00
B0109,R004,132,2025-02-02,2025-02-07,,9119915.0,completed,paid,,2025-02-02T10:00:00,2025-02-07T12:00:00
B0110,R011,95,2024-09-01,2024-09-04,,5668230.0,completed,paid,,2024-09-01T10:00:00,2024-09-04T12:00:00
B0111,R019,112,2024-05-25,2024-05-30,,8802690.0,canceled,unpaid,,2024-05-25T10:00:00,2024-05-30T12:00:00
B0112,R015,27,2024-08-07,2024-08-12,,4247080.0,completed,paid,,2024-08-07T10:00:00,2024-08-12T12:00:00
B0113,R012,64,2025-10-31,2025-11-04,2025-11-03,3389260.0,canceled,unpaid,,2025-10-31T10:00:00,2025-11-04T12:00:00
B0114,R007,196,2025-07-27,2025-08-01,,8450755.0,canceled,unpaid,,2025-07-27T10:00:00,2025-08-01T12:00:00
B0115,R011,25,2025-08-26,2025-08-30,2025-08-31,3848432.0,completed,paid,,2025-08-26T10:00:00,2025-08-30T12:00:00
B0116,R008,50,2024-11-09,2024-11-12,2024-11-13,2324109.0,completed,paid,,2024-11-09T10:00:00,2024-11-12T12:00:00
B0117,R018,51,2024-06-16,2024-06-17,,776860.0,completed,paid,,2024-06-16T10:00:00,2024-06-17T12:00:00
B0118,R017,59,2024-04-11,2024-04-15,2024-04-14,7540676.0,completed,paid,,2024-04-11T10:00:00,2024-04-15T12:00:00
B0119,R019,143,2025-01-06,2025-01-08,,2164322.0,completed,paid,,2025-01-06T10:00:00,2025-01-08T12:00:00
B0120,R009,143,2024-06-27,2024-07-02,,7187680.0,completed,paid,,2024-06-27T10:00:00,2024-07-02T12:00:00
B0121,R017,123,2024-06-09,2024-06-14,,9421255.0,completed,paid,,2024-06-09T10:00:00,2024-06-14T12:00:00
B0122,R017,178,2024-09-04,2024-09-07,,5387451.0,completed,paid,,2024-09-04T10:00:00,2024-09-07T12:00:00
B0123,R008,193,2024-05-02,2024-05-05,,5298321.0,completed,paid,,2024-05-02T10:00:00,2024-05-05T12:00:00
B0124,R010,192,2024-09-26,2024-09-28,,1048576.0,completed,paid,,2024-09-26T10:00:00,2024-09-28T12:00:00
B0125,R001,119,2025-01-02,2025-01-04,,2668078.0,completed,paid,,2025-01-02T10:00:00,2025-01-04T12:00:00
B0126,R005,130,2024-06-12,2024-06-16,,5533176.0,completed,paid,,2024-06-12T10:00:00,2024-06-16T12:00:00
B0127,R013,117,2024-02-01,2024-02-05,,7896152.0,completed,paid,,2024-02-01T10:00:00,2024-02-05T12:00:00
B0128,R001,117,2024-06-01,2024-06-05,,3880276.0,completed,paid,,2024-06-01T10:00:00,2024-06-05T12:00:00
B0129,R005,19,2024-01-26,2024-01-31,,8890185.0,completed,paid,,2024-01-26T10:00:00,2024-01-31T12:00:00
B0130,R001,137,2025-06-19,2025-06-23,,3550300.0,completed,paid,,2025-06-19T10:00:00,2025-06-23T12:00:00
B0131,R002,41,2024-03-14,2024-03-17,,3750378.0,completed,paid,,2024-03-14T10:00:00,2024-03-17T12:00:00
B0132,R016,52,2025-04-04,2025-04-09,,4377005.0,completed,paid,,2025-04-04T10:00:00,2025-04-09T12:00:00
B0133,R013,41,2024-11-25,2024-11-28,,5952303.0,canceled,unpaid,,2024-11-25T10:00:00,2024-11-28T12:00:00
B0134,R005,192,2024-04-15,2024-04-17,,2755766.0,completed,paid,,2024-04-15T10:00:00,2024-04-17T12:00:00
B0135,R005,18,2024-08-17,2024-08-22,,5003520.0,canceled,unpaid,,2024-08-17T10:00:00,2024-08-22T12:00:00
B0136,R009,167,2025-06-14,2025-06-19,,6744545.0,completed,paid,,2025-06-14T10:00:00,2025-06-19T12:00:00
B0137,R003,86,2024-12-22,2024-12-26,2024-12-27,2914156.0,completed,paid,,2024-12-22T10:00:00,2024-12-26T12:00:00
B0138,R013,178,2025-11-28,2025-11-29,,1983941.0,completed,paid,,2025-11-28T10:00:00,2025-11-29T12:00:00
B0139,R011,15,2024-04-29,2024-05-03,,3669936.0,completed,paid,,2024-04-29T10:00:00,2024-05-03T12:00:00
B0140,R018,92,2024-05-06,2024-05-07,,590017.0,canceled,unpaid,,2024-05-06T10:00:00,2024-05-07T12:00:00
B0141,R015,146,2024-11-24,2024-11-25,,768024.0,completed,paid,,2024-11-24T10:00:00,2024-11-25T12:00:00
B0142,R006,141,2025-07-25,2025-07-30,2025-07-31,8047990.0,completed,paid,,2025-07-25T10:00:00,2025-07-30T12:00:00
B0143,R004,106,2024-03-31,2024-04-03,,2338641.0,completed,paid,,2024-03-31T10:00:00,2024-04-03T12:00:00
B0144,R004,111,2024-09-19,2024-09-24,2024-09-25,2872815.0,completed,paid,,2024-09-19T10:00:00,2024-09-24T12:00:00
B0145,R005,158,2025-04-12,2025-04-16,2025-04-17,6766520.0,canceled,unpaid,,2025-04-12T10:00:00,2025-04-16T12:00:00
B0146,R002,52,2025-03-09,2025-03-14,,8857070.0,canceled,unpaid,,2025-03-09T10:00:00,2025-03-14T12:00:00
B0147,R006,112,2024-08-09,2024-08-12,2024-08-13,4618608.0,completed,paid,,2024-08-09T10:00:00,2024-08-12T12:00:00
B0148,R005,59,2024-01-18,2024-01-22,,4326288.0,completed,paid,,2024-01-18T10:00:00,2024-01-22T12:00:00
B0149,R005,138,2025-05-01,2025-05-03,,1185100.0,completed,paid,,2025-05-01T10:00:00,2025-05-03T12:00:00
B0150,R003,22,2024-01-27,2024-01-28,,1631017.0,canceled,unpaid,,2024-01-27T10:00:00,2024-01-28T12:00:00
B0151,R006,173,2025-12-14,2025-12-15,,824094.0,completed,paid,,2025-12-14T10:00:00,2025-12-15T12:00:00
B0152,R011,171,2024-06-15,2024-06-19,,3281292.0,completed,paid,,2024-06-15T10:00:00,2024-06-19T12:00:00
B0153,R009,191,2024-11-03,2024-11-07,2024-11-08,2001696.0,completed,paid,,2024-11-03T10:00:00,2024-11-07T12:00:00
B0154,R011,123,2024-06-01,2024-06-05,,2005248.0,completed,paid,,2024-06-01T10:00:00,2024-06-05T12:00:00
B0155,R013,23,2025-03-19,2025-03-22,,5708532.0,completed,paid,,2025-03-19T10:00:00,2025-03-22T12:00:00
B0156,R006,130,2024-09-27,2024-09-28,,998076.0,canceled,unpaid,,2024-09-27T10:00:00,2024-09-28T12:00:00
B0157,R006,85,2025-03-21,2025-03-26,2025-03-27,7109475.0,completed,paid,,2025-03-21T10:00:00,2025-03-26T12:00:00
B0158,R009,52,2024-04-15,2024-04-17,,1833582.0,completed,paid,,2024-04-15T10:00:00,2024-04-17T12:00:00
B0159,R013,151,2024-05-14,2024-05-18,2024-05-17,5045192.0,completed,paid,,2024-05-14T10:00:00,2024-05-18T12:00:00
B0160,R015,173,2024-07-25,2024-07-27,,3175156.0,completed,paid,,2024-07-25T10:00:00,2024-07-27T12:00:00
B0161,R010,120,2024-01-09,2024-01-11,,1507720.0,completed,paid,,2024-01-09T10:00:00,2024-01-11T12:00:00
B0162,R005,86,2024-05-17,2024-05-22,,7862095.0,completed,paid,,2024-05-17T10:00:00,2024-05-22T12:00:00
B0163,R006,16,2024-03-11,2024-03-14,,3549195.0,canceled,unpaid,,2024-03-11T10:00:00,2024-03-14T12:00:00
B0164,R006,27,2025-11-29,2025-12-03,,3837364.0,completed,paid,,2025-11-29T10:00:00,2025-12-03T12:00:00
B0165,R011,168,2025-05-05,2025-05-09,,7968680.0,completed,paid,,2025-05-05T10:00:00,2025-05-09T12:00:00
B0166,R016,62,2025-01-29,2025-02-02,2025-02-03,6492776.0,completed,paid,,2025-01-29T10:00:00,2025-02-02T12:00:00
B0167,R002,19,2025-01-11,2025-01-12,,1023015.0,completed,paid,,2025-01-11T10:00:00,2025-01-12T12:00:00
B0168,R003,110,2025-12-22,2025-12-27,,6640700.0,completed,paid,,2025-12-22T10:00:00,2025-12-27T12:00:00
B0169,R009,84,2024-03-09,2024-03-10,,1669774.0,completed,paid,,2024-03-09T10:00:00,2024-03-10T12:00:00
B0170,R011,162,2025-02-18,2025-02-21,,1759305.0,completed,paid,,2025-02-18T10:00:00,2025-02-21T12:00:00
B0171,R010,132,2025-06-16,2025-06-17,2025-06-16,1630839.0,completed,paid,,2025-06-16T10:00:00,2025-06-17T12:00:00
B0172,R014,166,2025-09-21,2025-09-26,,2904135.0,completed,paid,,2025-09-21T10:00:00,2025-09-26T12:00:00
B0173,R011,93,2024-05-25,2024-05-28,,5056476.0,completed,paid,,2024-05-25T10:00:00,2024-05-28T12:00:00
B0174,R018,11,2024-09-09,2024-09-12,2024-09-13,3017481.0,completed,paid,,2024-09-09T10:00:00,2024-09-12T12:00:00
B0175,R010,119,2024-08-26,2024-08-31,,6147255.0,completed,paid,,2024-08-26T10:00:00,2024-08-31T12:00:00
B0176,R002,64,2024-10-24,2024-10-29,,9403450.0,completed,paid,,2024-10-24T10:00:00,2024-10-29T12:00:00
B0177,R011,42,2024-02-23,2024-02-24,,948921.0,completed,paid,,2024-02-23T10:00:00,2024-02-24T12:00:00
B0178,R020,131,2025-02-05,2025-02-09,2025-02-10,6682612.0,completed,paid,,2025-02-05T10:00:00,2025-02-09T12:00:00
B0179,R012,195,2024-08-11,2024-08-15,2024-08-16,2747544.0,completed,paid,,2024-08-11T10:00:00,2024-08-15T12:00:00
B0180,R007,174,2025-02-23,2025-02-28,2025-03-01,7577635.0,canceled,unpaid,,2025-02-23T10:00:00,2025-02-28T12:00:00
B0181,R016,12,2024-11-08,2024-11-10,,3472244.0,completed,paid,,2024-11-08T10:00:00,2024-11-10T12:00:00
B0182,R007,87,2025-09-10,2025-09-13,,1790061.0,completed,paid,,2025-09-10T10:00:00,2025-09-13T12:00:00
B0183,R008,106,2024-05-15,2024-05-16,,1029411.0,completed,paid,,2024-05-15T10:00:00,2024-05-16T12:00:00
B0184,R016,95,2024-06-27,2024-06-29,,1521866.0,completed,paid,,2024-06-27T10:00:00,2024-06-29T12:00:00
B0185,R019,168,2025-11-22,2025-11-27,,8833125.0,completed,paid,,2025-11-22T10:00:00,2025-11-27T12:00:00
B0186,R014,182,2025-05-11,2025-05-15,2025-05-14,5040632.0,completed,paid,,2025-05-11T10:00:00,2025-05-15T12:00:00
B0187,R009,187,2024-08-28,2024-08-31,,3478956.0,canceled,unpaid,,2024-08-28T10:00:00,2024-08-31T12:00:00
B0188,R005,49,2024-01-05,2024-01-07,,3413462.0,completed,paid,,2024-01-05T10:00:00,2024-01-07T12:00:00
B0189,R001,2,2024-09-04,2024-09-05,,1751900.0,completed,paid,,2024-09-04T10:00:00,2024-09-05T12:00:00
B0190,R002,82,2024-03-10,2024-03-13,,3982368.0,completed,paid,,2024-03-10T10:00:00,2024-03-13T12:00:00
B0191,R014,84,2025-10-12,2025-10-15,2025-10-16,2038038.0,completed,paid,,2025-10-12T10:00:00,2025-10-15T12:00:00
B0192,R012,33,2025-07-14,2025-07-16,2025-07-15,2749966.0,completed,paid,,2025-07-14T10:00:00,2025-07-16T12:00:00
B0193,R020,32,2025-11-06,2025-11-07,2025-11-08,507529.0,completed,paid,,2025-11-06T10:00:00,2025-11-07T12:00:00
B0194,R004,13,2025-10-03,2025-10-08,,9744495.0,completed,paid,,2025-10-03T10:00:00,2025-10-08T12:00:00
B0195,R001,200,2025-09-17,2025-09-20,2025-09-19,5161059.0,completed,paid,,2025-09-17T10:00:00,2025-09-20T12:00:00
B0196,R020,93,2024-05-22,2024-05-23,,1988872.0,canceled,unpaid,,2024-05-22T10:00:00,2024-05-23T12:00:00
B0197,R003,8,2024-11-15,2024-11-20,,3679705.0,completed,paid,,2024-11-15T10:00:00,2024-11-20T12:00:00
B0198,R008,29,2024-09-10,2024-09-11,2024-09-12,1653499.0,completed,paid,,2024-09-10T10:00:00,2024-09-11T12:00:00
B0199,R004,53,2024-06-21,2024-06-22,,640332.0,canceled,unpaid,,2024-06-21T10:00:00,2024-06-22T12:00:00
B0200,R010,109,2025-06-03,2025-06-05,,3587260.0,completed,paid,,2025-06-03T10:00:00,2025-06-05T12:00:00
B0201,R017,154,2025-10-10,2025-10-15,,4426785.0,canceled,unpaid,,2025-10-10T10:00:00,2025-10-15T12:00:00
B0202,R019,30,2024-06-24,2024-06-29,2024-06-28,7681460.0,completed,paid,,2024-06-24T10:00:00,2024-06-29T12:00:00
B0203,R012,1,2025-03-10,2025-03-11,,1710020.0,completed,paid,,2025-03-10T10:00:00,2025-03-11T12:00:00
B0204,R011,86,2024-08-31,2024-09-03,,1674414.0,completed,paid,,2024-08-31T10:00:00,2024-09-03T12:00:00
B0205,R018,140,2025-04-01,2025-04-03,,1649616.0,completed,paid,,2025-04-01T10:00:00,2025-04-03T12:00:00
B0206,R019,68,2024-09-16,2024-09-19,,5375508.0,completed,paid,,2024-09-16T10:00:00,2024-09-19T12:00:00
B0207,R003,38,2025-04-05,2025-04-06,,1454129.0,completed,paid,,2025-04-05T10:00:00,2025-04-06T12:00:00
B0208,R020,30,2025-10-04,2025-10-05,,1398715.0,completed,paid,,2025-10-04T10:00:00,2025-10-05T12:00:00
B0209,R011,34,2024-08-31,2024-09-05,,3687765.0,completed,paid,,2024-08-31T10:00:00,2024-09-05T12:00:00
B0210,R001,161,2024-03-07,2024-03-09,2024-03-10,1248482.0,completed,paid,,2024-03-07T10:00:00,2024-03-09T12:00:00
B0211,R016,161,2024-11-22,2024-11-26,2024-11-25,6219940.0,completed,paid,,2024-11-22T10:00:00,2024-11-26T12:00:00
B0212,R007,29,2024-06-13,2024-06-18,,6357060.0,completed,paid,,2024-06-13T10:00:00,2024-06-18T12:00:00
B0213,R016,114,2024-11-25,2024-11-27,2024-11-26,3738598.0,completed,paid,,2024-11-25T10:00:00,2024-11-27T12:00:00
B0214,R017,61,2025-08-28,2025-08-29,,1240749.0,completed,paid,,2025-08-28T10:00:00,2025-08-29T12:00:00
B0215,R020,111,2025-10-05,2025-10-06,2025-10-05,1268033.0,completed,paid,,2025-10-05T10:00:00,2025-10-06T12:00:00
B0216,R007,116,2025-08-19,2025-08-24,2025-08-25,5508285.0,completed,paid,,2025-08-19T10:00:00,2025-08-24T12:00:00
B0217,R007,29,2024-09-30,2024-10-01,,1232505.0,completed,paid,,2024-09-30T10:00:00,2024-10-01T12:00:00
B0218,R011,21,2024-12-21,2024-12-22,2024-12-21,1807428.0,completed,paid,,2024-12-21T10:00:00,2024-12-22T12:00:00
B0219,R013,100,2024-09-10,2024-09-13,,1978947.0,completed,paid,,2024-09-10T10:00:00,2024-09-13T12:00:00
B0220,R003,199,2025-01-18,2025-01-20,,1467722.0,completed,paid,,2025-01-18T10:00:00,2025-01-20T12:00:00
B0221,R009,158,2025-05-08,2025-05-13,,4814305.0,completed,paid,,2025-05-08T10:00:00,2025-05-13T12:00:00
B0222,R011,39,2024-03-02,2024-03-07,,5325005.0,completed,paid,,2024-03-02T10:00:00,2024-03-07T12:00:00
B0223,R018,3,2024-07-28,2024-08-02,2024-08-01,5517020.0,completed,paid,,2024-07-28T10:00:00,2024-08-02T12:00:00
B0224,R007,101,2025-09-17,2025-09-21,2025-09-22,3117468.0,completed,paid,,2025-09-17T10:00:00,2025-09-21T12:00:00
B0225,R008,147,2024-12-08,2024-12-09,,1224016.0,canceled,unpaid,,2024-12-08T10:00:00,2024-12-09T12:00:00
B0226,R014,82,2024-12-03,2024-12-07,,4879920.0,completed,paid,,2024-12-03T10:00:00,2024-12-07T12:00:00
B0227,R017,21,2024-11-26,2024-11-29,,2135184.0,completed,paid,,2024-11-26T10:00:00,2024-11-29T12:00:00
B0228,R011,151,2025-01-03,2025-01-06,,1936779.0,completed,paid,,2025-01-03T10:00:00,2025-01-06T12:00:00
B0229,R017,177,2025-01-31,2025-02-02,,3778444.0,completed,paid,,2025-01-31T10:00:00,2025-02-02T12:00:00
B0230,R011,125,2025-10-18,2025-10-20,,3441394.0,completed,paid,,2025-10-18T10:00:00,2025-10-20T12:00:00
B0231,R004,166,2024-10-04,2024-10-05,,1252789.0,completed,paid,,2024-10-04T10:00:00,2024-10-05T12:00:00
B0232,R006,91,2025-02-11,2025-02-14,2025-02-15,5412693.0,completed,paid,,2025-02-11T10:00:00,2025-02-14T12:00:00
B0233,R013,172,2025-10-20,2025-10-25,,5435685.0,completed,paid,,2025-10-20T10:00:00,2025-10-25T12:00:00
B0234,R001,166,2025-06-07,2025-06-09,,1126886.0,completed,paid,,2025-06-07T10:00:00,2025-06-09T12:00:00
B0235,R017,61,2025-10-25,2025-10-28,,4211124.0,completed,paid,,2025-10-25T10:00:00,2025-10-28T12:00:00
B0236,R004,183,2025-05-20,2025-05-22,,3378920.0,completed,paid,,2025-05-20T10:00:00,2025-05-22T12:00:00
B0237,R006,120,2024-02-29,2024-03-02,,3621232.0,completed,paid,,2024-02-29T10:00:00,2024-03-02T12:00:00
B0238,R003,7,2024-04-22,2024-04-27,,8529980.0,canceled,unpaid,,2024-04-22T10:00:00,2024-04-27T12:00:00
B0239,R006,48,2025-09-24,2025-09-29,,4340175.0,completed,paid,,2025-09-24T10:00:00,2025-09-29T12:00:00
B0240,R020,80,2024-12-20,2024-12-25,,8072470.0,completed,paid,,2024-12-20T10:00:00,2024-12-25T12:00:00
B0241,R006,110,2025-03-26,2025-03-31,,4426795.0,completed,paid,,2025-03-26T10:00:00,2025-03-31T12:00:00
B0242,R020,187,2024-01-19,2024-01-21,2024-01-20,1691500.0,completed,paid,,2024-01-19T10:00:00,2024-01-21T12:00:00
B0243,R012,110,2024-10-22,2024-10-26,,5100284.0,completed,paid,,2024-10-22T10:00:00,2024-10-26T12:00:00
B0244,R020,11,2025-12-04,2025-12-08,2025-12-07,5590536.0,completed,paid,,2025-12-04T10:00:00,2025-12-08T12:00:00
B0245,R010,40,2025-04-12,2025-04-15,,5339466.0,completed,paid,,2025-04-12T10:00:00,2025-04-15T12:00:00
B0246,R010,71,2025-11-29,2025-11-30,,1262740.0,completed,paid,,2025-11-29T10:00:00,2025-11-30T12:00:00
B0247,R011,135,2025-06-07,2025-06-08,2025-06-09,764913.0,canceled,unpaid,,2025-06-07T10:00:00,2025-06-08T12:00:00
B0248,R008,12,2024-03-18,2024-03-21,,2909046.0,completed,paid,,2024-03-18T10:00:00,2024-03-21T12:00:00
B0249,R002,181,2025-02-18,2025-02-21,,2770365.0,completed,paid,,2025-02-18T10:00:00,2025-02-21T12:00:00
B0250,R009,64,2025-09-12,2025-09-13,2025-09-12,1350574.0,completed,paid,,2025-09-12T10:00:00,2025-09-13T12:00:00
B0251,R001,199,2024-06-16,2024-06-18,2024-06-17,1921674.0,completed,paid,,2024-06-16T10:00:00,2024-06-18T12:00:00
B0252,R012,21,2025-12-05,2025-12-10,,7416975.0,completed,paid,,2025-12-05T10:00:00,2025-12-10T12:00:00
B0253,R006,115,2024-09-12,2024-09-17,,2779455.0,completed,paid,,2024-09-12T10:00:00,2024-09-17T12:00:00
B0254,R011,41,2024-11-19,2024-11-21,,1158954.0,completed,paid,,2024-11-19T10:00:00,2024-11-21T12:00:00
B0255,R006,128,2025-09-15,2025-09-19,,7601552.0,completed,paid,,2025-09-15T10:00:00,2025-09-19T12:00:00
B0256,R006,60,2025-04-27,2025-05-02,,8867000.0,completed,paid,,2025-04-27T10:00:00,2025-05-02T12:00:00
B0257,R012,52,2025-04-24,2025-04-27,,5431800.0,completed,paid,,2025-04-24T10:00:00,2025-04-27T12:00:00
B0258,R003,189,2024-10-01,2024-10-06,2024-10-07,9367205.0,canceled,unpaid,,2024-10-01T10:00:00,2024-10-06T12:00:00
B0259,R013,58,2024-05-16,2024-05-20,,6995308.0,completed,paid,,2024-05-16T10:00:00,2024-05-20T12:00:00
B0260,R018,166,2025-11-23,2025-11-27,,3021000.0,completed,paid,,2025-11-23T10:00:00,2025-11-27T12:00:00
B0261,R015,170,2025-05-16,2025-05-17,,1503012.0,completed,paid,,2025-05-16T10:00:00,2025-05-17T12:00:00
B0262,R012,149,2024-01-15,2024-01-18,,4080636.0,completed,paid,,2024-01-15T10:00:00,2024-01-18T12:00:00
B0263,R002,87,2024-04-16,2024-04-17,,1967139.0,completed,paid,,2024-04-16T10:00:00,2024-04-17T12:00:00
B0264,R015,140,2024-07-29,2024-08-03,2024-08-04,9593045.0,completed,paid,,2024-07-29T10:00:00,2024-08-03T12:00:00
B0265,R015,189,2025-07-15,2025-07-17,2025-07-16,2554664.0,completed,paid,,2025-07-15T10:00:00,2025-07-17T12:00:00
B0266,R005,10,2025-01-28,2025-02-02,,5750600.0,completed,paid,,2025-01-28T10:00:00,2025-02-02T12:00:00
B0267,R001,185,2025-05-14,2025-05-16,,2908662.0,completed,paid,,2025-05-14T10:00:00,2025-05-16T12:00:00
B0268,R005,76,2024-09-01,2024-09-06,,4845415.0,completed,paid,,2024-09-01T10:00:00,2024-09-06T12:00:00
B0269,R004,181,2025-08-17,2025-08-20,,5185698.0,completed,paid,,2025-08-17T10:00:00,2025-08-20T12:00:00
B0270,R006,135,2024-09-16,2024-09-19,,3704616.0,completed,paid,,2024-09-16T10:00:00,2024-09-19T12:00:00
B0271,R002,179,2025-08-19,2025-08-20,,535346.0,completed,paid,,2025-08-19T10:00:00,2025-08-20T12:00:00
B0272,R005,156,2024-02-18,2024-02-23,2024-02-22,7343095.0,completed,paid,,2024-02-18T10:00:00,2024-02-23T12:00:00
B0273,R005,7,2025-03-02,2025-03-07,,3872400.0,canceled,unpaid,,2025-03-02T10:00:00,2025-03-07T12:00:00
B0274,R011,93,2024-07-05,2024-07-06,,632111.0,completed,paid,,2024-07-05T10:00:00,2024-07-06T12:00:00
B0275,R006,92,2024-04-10,2024-04-12,,2359290.0,completed,paid,,2024-04-10T10:00:00,2024-04-12T12:00:00
B0276,R019,38,2025-10-06,2025-10-08,,1271486.0,completed,paid,,2025-10-06T10:00:00,2025-10-08T12:00:00
B0277,R006,191,2025-08-11,2025-08-12,2025-08-13,980796.0,completed,paid,,2025-08-11T10:00:00,2025-08-12T12:00:00
B0278,R009,173,2025-03-05,2025-03-06,,1933812.0,completed,paid,,2025-03-05T10:00:00,2025-03-06T12:00:00
B0279,R004,181,2025-08-11,2025-08-14,,3752568.0,completed,paid,,2025-08-11T10:00:00,2025-08-14T12:00:00
B0280,R003,198,2025-11-24,2025-11-25,2025-11-26,1400414.0,completed,paid,,2025-11-24T10:00:00,2025-11-25T12:00:00
B0281,R010,71,2024-10-09,2024-10-10,2024-10-09,1703996.0,completed,paid,,2024-10-09T10:00:00,2024-10-10T12:00:00
B0282,R006,60,2024-02-04,2024-02-05,,1169966.0,completed,paid,,2024-02-04T10:00:00,2024-02-05T12:00:00
B0283,R013,62,2025-04-18,2025-04-20,,2656806.0,completed,paid,,2025-04-18T10:00:00,2025-04-20T12:00:00
B0284,R008,179,2024-06-05,2024-06-08,2024-06-07,4907004.0,canceled,unpaid,,2024-06-05T10:00:00,2024-06-08T12:00:00
B0285,R012,106,2025-10-28,2025-10-29,,1904883.0,canceled,unpaid,,2025-10-28T10:00:00,2025-10-29T12:00:00
B0286,R007,22,2025-03-05,2025-03-08,,4913988.0,completed,paid,,2025-03-05T10:00:00,2025-03-08T12:00:00
B0287,R007,170,2024-10-01,2024-10-02,,664967.0,completed,paid,,2024-10-01T10:00:00,2024-10-02T12:00:00
B0288,R009,166,2024-03-12,2024-03-15,2024-03-14,2354010.0,completed,paid,,2024-03-12T10:00:00,2024-03-15T12:00:00
B0289,R011,190,2025-09-01,2025-09-04,,5875194.0,completed,paid,,2025-09-01T10:00:00,2025-09-04T12:00:00
B0290,R006,95,2024-02-01,2024-02-03,2024-02-04,1055794.0,completed,paid,,2024-02-01T10:00:00,2024-02-03T12:00:00
B0291,R020,107,2024-12-10,2024-12-11,,1355153.0,completed,paid,,2024-12-10T10:00:00,2024-12-11T12:00:00
B0292,R019,176,2025-03-18,2025-03-22,,4005656.0,completed,paid,,2025-03-18T10:00:00,2025-03-22T12:00:00
B0293,R002,100,2025-08-31,2025-09-05,,8404870.0,completed,paid,,2025-08-31T10:00:00,2025-09-05T12:00:00
B0294,R013,134,2025-02-22,2025-02-26,2025-02-27,2731168.0,canceled,unpaid,,2025-02-22T10:00:00,2025-02-26T12:00:00
B0295,R005,150,2025-10-29,2025-10-30,,745428.0,completed,paid,,2025-10-29T10:00:00,2025-10-30T12:00:00
B0296,R008,39,2025-04-03,2025-04-04,2025-04-03,1596552.0,completed,paid,,2025-04-03T10:00:00,2025-04-04T12:00:00
B0297,R011,66,2025-04-05,2025-04-09,,4668440.0,completed,paid,,2025-04-05T10:00:00,2025-04-09T12:00:00
B0298,R004,135,2024-11-08,2024-11-13,,8033020.0,canceled,unpaid,,2024-11-08T10:00:00,2024-11-13T12:00:00
B0299,R016,125,2025-05-05,2025-05-10,2025-05-09,7935780.0,completed,paid,,2025-05-05T10:00:00,2025-05-10T12:00:00
B0300,R014,15,2024-08-04,2024-08-07,,5972328.0,completed,paid,,2024-08-04T10:00:00,2024-08-07T12:00:00
B0301,R018,179,2025-07-24,2025-07-28,2025-07-29,3807956.0,completed,paid,,2025-07-24T10:00:00,2025-07-28T12:00:00
B0302,R006,126,2024-06-02,2024-06-05,,2264943.0,canceled,unpaid,,2024-06-02T10:00:00,2024-06-05T12:00:00
B0303,R019,74,2025-02-09,2025-02-11,2025-02-10,3625440.0,canceled,unpaid,,2025-02-09T10:00:00,2025-02-11T12:00:00
B0304,R015,106,2025-10-03,2025-10-07,,6927620.0,completed,paid,,2025-10-03T10:00:00,2025-10-07T12:00:00
B0305,R020,8,2025-05-03,2025-05-05,,1171338.0,completed,paid,,2025-05-03T10:00:00,2025-05-05T12:00:00
B0306,R010,100,2025-04-21,2025-04-23,2025-04-22,2936332.0,completed,paid,,2025-04-21T10:00:00,2025-04-23T12:00:00
B0307,R016,38,2025-07-11,2025-07-14,2025-07-13,5369775.0,completed,paid,,2025-07-11T10:00:00,2025-07-14T12:00:00
B0308,R009,161,2024-03-12,2024-03-17,,6522950.0,completed,paid,,2024-03-12T10:00:00,2024-03-17T12:00:00
B0309,R020,193,2025-04-20,2025-04-22,,1657806.0,completed,paid,,2025-04-20T10:00:00,2025-04-22T12:00:00
B0310,R009,153,2024-07-14,2024-07-15,,512301.0,canceled,unpaid,,2024-07-14T10:00:00,2024-07-15T12:00:00
B0311,R006,52,2025-10-23,2025-10-26,2025-10-25,2078601.0,completed,paid,,2025-10-23T10:00:00,2025-10-26T12:00:00
B0312,R008,116,2024-10-28,2024-10-29,,1934431.0,completed,paid,,2024-10-28T10:00:00,2024-10-29T12:00:00
B0313,R001,185,2025-01-07,2025-01-12,2025-01-11,6763860.0,completed,paid,,2025-01-07T10:00:00,2025-01-12T12:00:00
B0314,R009,169,2025-11-07,2025-11-09,,1180758.0,completed,paid,,2025-11-07T10:00:00,2025-11-09T12:00:00
B0315,R012,34,2025-10-25,2025-10-26,,1082182.0,completed,paid,,2025-10-25T10:00:00,2025-10-26T12:00:00
B0316,R014,173,2025-06-02,2025-06-07,,2588555.0,canceled,unpaid,,2025-06-02T10:00:00,2025-06-07T12:00:00
B0317,R015,29,2024-06-22,2024-06-24,,2892074.0,completed,paid,,2024-06-22T10:00:00,2024-06-24T12:00:00
B0318,R013,24,2024-08-20,2024-08-24,2024-08-25,3050300.0,canceled,unpaid,,2024-08-20T10:00:00,2024-08-24T12:00:00
B0319,R019,37,2025-12-09,2025-12-13,2025-12-12,6232936.0,completed,paid,,2025-12-09T10:00:00,2025-12-13T12:00:00
B0320,R020,142,2025-08-24,2025-08-29,,3338735.0,completed,paid,,2025-08-24T10:00:00,2025-08-29T12:00:00
B0321,R017,134,2024-10-26,2024-10-28,,1062814.0,completed,paid,,2024-10-26T10:00:00,2024-10-28T12:00:00
B0322,R001,91,2025-10-09,2025-10-13,,5228788.0,completed,paid,,2025-10-09T10:00:00,2025-10-13T12:00:00
B0323,R016,74,2025-07-19,2025-07-21,2025-07-20,3548432.0,completed,paid,,2025-07-19T10:00:00,2025-07-21T12:00:00
B0324,R014,82,2025-12-17,2025-12-20,2025-12-21,3614886.0,completed,paid,,2025-12-17T10:00:00,2025-12-20T12:00:00
B0325,R007,164,2025-03-17,2025-03-18,,1732905.0,completed,paid,,2025-03-17T10:00:00,2025-03-18T12:00:00
B0326,R003,197,2024-12-23,2024-12-24,,530756.0,completed,paid,,2024-12-23T10:00:00,2024-12-24T12:00:00
B0327,R012,146,2024-02-09,2024-02-14,,6132365.0,completed,paid,,2024-02-09T10:00:00,2024-02-14T12:00:00
B0328,R015,155,2025-04-03,2025-04-07,2025-04-08,2259216.0,canceled,unpaid,,2025-04-03T10:00:00,2025-04-07T12:00:00
B0329,R005,22,2025-04-19,2025-04-22,,1884804.0,canceled,unpaid,,2025-04-19T10:00:00,2025-04-22T12:00:00
B0330,R018,95,2024-11-29,2024-12-03,2024-12-02,3485740.0,completed,paid,,2024-11-29T10:00:00,2024-12-03T12:00:00
B0331,R017,134,2024-06-03,2024-06-06,,4207440.0,completed,paid,,2024-06-03T10:00:00,2024-06-06T12:00:00
B0332,R012,42,2024-03-14,2024-03-18,,5208420.0,completed,paid,,2024-03-14T10:00:00,2024-03-18T12:00:00
B0333,R009,163,2024-12-06,2024-12-11,,8949195.0,completed,paid,,2024-12-06T10:00:00,2024-12-11T12:00:00
B0334,R004,189,2024-07-11,2024-07-12,,899679.0,completed,paid,,2024-07-11T10:00:00,2024-07-12T12:00:00
B0335,R017,82,2024-05-14,2024-05-19,,7585215.0,completed,paid,,2024-05-14T10:00:00,2024-05-19T12:00:00
B0336,R001,12,2025-06-15,2025-06-20,,4158140.0,canceled,unpaid,,2025-06-15T10:00:00,2025-06-20T12:00:00
B0337,R008,49,2025-09-17,2025-09-22,2025-09-21,2545180.0,completed,paid,,2025-09-17T10:00:00,2025-09-22T12:00:00
B0338,R006,163,2025-08-17,2025-08-20,,4901583.0,completed,paid,,2025-08-17T10:00:00,2025-08-20T12:00:00
B0339,R005,161,2025-02-23,2025-02-25,2025-02-26,2511420.0,completed,paid,,2025-02-23T10:00:00,2025-02-25T12:00:00
B0340,R017,135,2024-10-24,2024-10-26,,1840580.0,completed,paid,,2024-10-24T10:00:00,2024-10-26T12:00:00
B0341,R005,31,2024-07-13,2024-07-18,2024-07-19,9357245.0,canceled,unpaid,,2024-07-13T10:00:00,2024-07-18T12:00:00
B0342,R009,152,2024-08-04,2024-08-07,,3774354.0,completed,paid,,2024-08-04T10:00:00,2024-08-07T12:00:00
B0343,R010,3,2025-09-22,2025-09-24,,3555438.0,completed,paid,,2025-09-22T10:00:00,2025-09-24T12:00:00
B0344,R020,190,2024-11-24,2024-11-25,,1354867.0,canceled,unpaid,,2024-11-24T10:00:00,2024-11-25T12:00:00
B0345,R001,52,2024-08-21,2024-08-26,,6576585.0,completed,paid,,2024-08-21T10:00:00,2024-08-26T12:00:00
B0346,R009,15,2025-06-26,2025-06-27,,1450392.0,completed,paid,,2025-06-26T10:00:00,2025-06-27T12:00:00
B0347,R016,94,2025-06-10,2025-06-11,,1740123.0,completed,paid,,2025-06-10T10:00:00,2025-06-11T12:00:00
B0348,R020,198,2024-06-28,2024-07-01,,3117060.0,completed,paid,,2024-06-28T10:00:00,2024-07-01T12:00:00
B0349,R009,60,2024-01-24,2024-01-25,2024-01-24,595748.0,completed,paid,,2024-01-24T10:00:00,2024-01-25T12:00:00
B0350,R007,76,2025-11-14,2025-11-18,2025-11-19,3651296.0,completed,paid,,2025-11-14T10:00:00,2025-11-18T12:00:00
B0351,R005,34,2024-03-02,2024-03-06,,6822528.0,completed,paid,,2024-03-02T10:00:00,2024-03-06T12:00:00
B0352,R003,53,2025-03-12,2025-03-14,,3876588.0,completed,paid,,2025-03-12T10:00:00,2025-03-14T12:00:00
B0353,R010,18,2025-12-24,2025-12-25,2025-12-24,1958305.0,canceled,unpaid,,2025-12-24T10:00:00,2025-12-25T12:00:00
B0354,R015,81,2024-07-19,2024-07-21,2024-07-22,3950774.0,completed,paid,,2024-07-19T10:00:00,2024-07-21T12:00:00
B0355,R015,60,2025-01-29,2025-01-31,,1292316.0,completed,paid,,2025-01-29T10:00:00,2025-01-31T12:00:00
B0356,R005,107,2024-02-07,2024-02-10,,2464497.0,completed,paid,,2024-02-07T10:00:00,2024-02-10T12:00:00
B0357,R020,68,2025-05-27,2025-05-29,2025-05-28,3953702.0,completed,paid,,2025-05-27T10:00:00,2025-05-29T12:00:00
B0358,R008,199,2024-09-27,2024-09-28,2024-09-27,505798.0,completed,paid,,2024-09-27T10:00:00,2024-09-28T12:00:00
B0359,R001,161,2024-08-30,2024-09-03,,6639060.0,completed,paid,,2024-08-30T10:00:00,2024-09-03T12:00:00
B0360,R001,87,2024-04-18,2024-04-19,,732732.0,completed,paid,,2024-04-18T10:00:00,2024-04-19T12:00:00
B0361,R006,116,2024-04-13,2024-04-16,,4482108.0,completed,paid,,2024-04-13T10:00:00,2024-04-16T12:00:00
B0362,R016,26,2025-05-30,2025-06-03,2025-06-04,7860752.0,completed,paid,,2025-05-30T10:00:00,2025-06-03T12:00:00
B0363,R009,66,2024-03-30,2024-04-02,,4309164.0,completed,paid,,2024-03-30T10:00:00,2024-04-02T12:00:00
B0364,R001,93,2024-05-29,2024-05-31,2024-05-30,3873168.0,completed,paid,,2024-05-29T10:00:00,2024-05-31T12:00:00
B0365,R017,120,2024-12-24,2024-12-27,,1891887.0,completed,paid,,2024-12-24T10:00:00,2024-12-27T12:00:00
B0366,R014,48,2024-12-07,2024-12-10,,4658607.0,completed,paid,,2024-12-07T10:00:00,2024-12-10T12:00:00
B0367,R018,181,2025-05-25,2025-05-29,,4402436.0,completed,paid,,2025-05-25T10:00:00,2025-05-29T12:00:00
B0368,R002,171,2025-10-26,2025-10-27,,934773.0,completed,paid,,2025-10-26T10:00:00,2025-10-27T12:00:00
B0369,R018,15,2025-06-19,2025-06-23,2025-06-24,5173156.0,completed,paid,,2025-06-19T10:00:00,2025-06-23T12:00:00
B0370,R014,47,2024-03-01,2024-03-04,,5056050.0,completed,paid,,2024-03-01T10:00:00,2024-03-04T12:00:00
B0371,R007,170,2024-07-17,2024-07-19,,1580136.0,canceled,unpaid,,2024-07-17T10:00:00,2024-07-19T12:00:00
B0372,R001,199,2024-11-30,2024-12-02,,1586988.0,completed,paid,,2024-11-30T10:00:00,2024-12-02T12:00:00
B0373,R018,78,2025-09-08,2025-09-10,2025-09-11,2800040.0,completed,paid,,2025-09-08T10:00:00,2025-09-10T12:00:00
B0374,R020,47,2025-09-09,2025-09-13,2025-09-14,4660152.0,completed,paid,,2025-09-09T10:00:00,2025-09-13T12:00:00
B0375,R006,186,2025-04-07,2025-04-09,2025-04-10,1521622.0,canceled,unpaid,,2025-04-07T10:00:00,2025-04-09T12:00:00
B0376,R012,92,2024-02-13,2024-02-15,,1814476.0,completed,paid,,2024-02-13T10:00:00,2024-02-15T12:00:00
B0377,R016,118,2024-11-11,2024-11-15,2024-11-16,4822736.0,completed,paid,,2024-11-11T10:00:00,2024-11-15T12:00:00
B0378,R006,16,2025-09-24,2025-09-28,,7417928.0,completed,paid,,2025-09-24T10:00:00,2025-09-28T12:00:00
B0379,R015,140,2025-08-30,2025-09-02,,2150880.0,completed,paid,,2025-08-30T10:00:00,2025-09-02T12:00:00
B0380,R003,4,2024-08-30,2024-09-02,,3962334.0,completed,paid,,2024-08-30T10:00:00,2024-09-02T12:00:00
B0381,R013,142,2025-07-28,2025-07-30,,1342492.0,completed,paid,,2025-07-28T10:00:00,2025-07-30T12:00:00
B0382,R006,71,2024-07-24,2024-07-26,,2010938.0,completed,paid,,2024-07-24T10:00:00,2024-07-26T12:00:00
B0383,R014,73,2025-02-13,2025-02-18,,4725930.0,completed,paid,,2025-02-13T10:00:00,2025-02-18T12:00:00
B0384,R011,23,2025-07-16,2025-07-19,,1660716.0,completed,paid,,2025-07-16T10:00:00,2025-07-19T12:00:00
B0385,R006,41,2025-01-17,2025-01-19,,3849650.0,completed,paid,,2025-01-17T10:00:00,2025-01-19T12:00:00
B0386,R005,15,2024-07-08,2024-07-09,,705164.0,canceled,unpaid,,2024-07-08T10:00:00,2024-07-09T12:00:00
B0387,R014,118,2024-04-22,2024-04-26,,7570232.0,completed,paid,,2024-04-22T10:00:00,2024-04-26T12:00:00
B0388,R008,188,2025-11-19,2025-11-22,2025-11-21,4139040.0,completed,paid,,2025-11-19T10:00:00,2025-11-22T12:00:00
B0389,R002,135,2024-08-25,2024-08-27,,3395226.0,completed,paid,,2024-08-25T10:00:00,2024-08-27T12:00:00
B0390,R007,186,2024-09-14,2024-09-16,,3258548.0,completed,paid,,2024-09-14T10:00:00,2024-09-16T12:00:00
B0391,R004,29,2024-02-03,2024-02-08,2024-02-07,7740845.0,completed,paid,,2024-02-03T10:00:00,2024-02-08T12:00:00
B0392,R001,33,2024-06-21,2024-06-22,2024-06-23,585505.0,completed,paid,,2024-06-21T10:00:00,2024-06-22T12:00:00
B0393,R017,131,2025-01-13,2025-01-17,,6924244.0,completed,paid,,2025-01-13T10:00:00,2025-01-17T12:00:00
B0394,R017,87,2025-04-04,2025-04-08,,6120004.0,completed,paid,,2025-04-04T10:00:00,2025-04-08T12:00:00
B0395,R020,98,2024-07-25,2024-07-26,2024-07-25,915275.0,completed,paid,,2024-07-25T10:00:00,2024-07-26T12:00:00
B0396,R014,184,2024-09-07,2024-09-12,,3185130.0,completed,paid,,2024-09-07T10:00:00,2024-09-12T12:00:00
B0397,R006,3,2025-04-22,2025-04-25,,2664618.0,canceled,unpaid,,2025-04-22T10:00:00,2025-04-25T12:00:00
B0398,R010,128,2025-12-17,2025-12-21,,2925792.0,canceled,unpaid,,2025-12-17T10:00:00,2025-12-21T12:00:00
B0399,R006,163,2024-11-30,2024-12-05,,6614145.0,completed,paid,,2024-11-30T10:00:00,2024-12-05T12:00:00
B0400,R003,44,2025-05-12,2025-05-16,,5829364.0,completed,paid,,2025-05-12T10:00:00,2025-05-16T12:00:00
B0401,R019,168,2025-08-12,2025-08-16,2025-08-17,5447784.0,completed,paid,,2025-08-12T10:00:00,2025-08-16T12:00:00
B0402,R011,170,2024-12-13,2024-12-17,,2950460.0,completed,paid,,2024-12-13T10:00:00,2024-12-17T12:00:00
B0403,R004,30,2025-10-12,2025-10-15,,3447837.0,completed,paid,,2025-10-12T10:00:00,2025-10-15T12:00:00
B0404,R016,52,2025-07-27,2025-08-01,,6510355.0,completed,paid,,2025-07-27T10:00:00,2025-08-01T12:00:00
B0405,R018,65,2025-08-21,2025-08-24,2025-08-25,2266245.0,completed,paid,,2025-08-21T10:00:00,2025-08-24T12:00:00
B0406,R018,75,2025-07-15,2025-07-18,,5446017.0,completed,paid,,2025-07-15T10:00:00,2025-07-18T12:00:00
B0407,R004,187,2024-04-13,2024-04-16,,4063755.0,completed,paid,,2024-04-13T10:00:00,2024-04-16T12:00:00
B0408,R015,116,2025-12-13,2025-12-17,,4253772.0,canceled,unpaid,,2025-12-13T10:00:00,2025-12-17T12:00:00
B0409,R011,4,2025-02-19,2025-02-23,,2131544.0,completed,paid,,2025-02-19T10:00:00,2025-02-23T12:00:00
B0410,R016,166,2024-10-29,2024-10-30,2024-10-31,1651561.0,completed,paid,,2024-10-29T10:00:00,2024-10-30T12:00:00
B0411,R008,169,2024-11-04,2024-11-08,,2185808.0,completed,paid,,2024-11-04T10:00:00,2024-11-08T12:00:00
B0412,R018,108,2024-06-14,2024-06-17,,3750375.0,completed,paid,,2024-06-14T10:00:00,2024-06-17T12:00:00
B0413,R014,93,2024-09-08,2024-09-13,2024-09-14,6837070.0,canceled,unpaid,,2024-09-08T10:00:00,2024-09-13T12:00:00
B0414,R009,32,2025-09-13,2025-09-16,,4824990.0,completed,paid,,2025-09-13T10:00:00,2025-09-16T12:00:00
B0415,R019,159,2025-01-14,2025-01-15,,1514702.0,completed,paid,,2025-01-14T10:00:00,2025-01-15T12:00:00
B0416,R001,116,2025-06-05,2025-06-10,,4079915.0,canceled,unpaid,,2025-06-05T10:00:00,2025-06-10T12:00:00
B0417,R006,107,2025-05-27,2025-05-29,2025-05-30,3640962.0,completed,paid,,2025-05-27T10:00:00,2025-05-29T12:00:00
B0418,R012,112,2025-03-26,2025-03-27,,1066067.0,canceled,unpaid,,2025-03-26T10:00:00,2025-03-27T12:00:00
B0419,R007,188,2024-03-22,2024-03-25,,4327062.0,completed,paid,,2024-03-22T10:00:00,2024-03-25T12:00:00
B0420,R003,65,2025-05-05,2025-05-09,2025-05-10,6799912.0,completed,paid,,2025-05-05T10:00:00,2025-05-09T12:00:00
B0421,R007,3,2025-12-22,2025-12-27,,7410445.0,completed,paid,,2025-12-22T10:00:00,2025-12-27T12:00:00
B0422,R001,168,2024-06-24,2024-06-26,,1491044.0,completed,paid,,2024-06-24T10:00:00,2024-06-26T12:00:00
B0423,R005,31,2024-12-13,2024-12-16,2024-12-15,4215831.0,completed,paid,,2024-12-13T10:00:00,2024-12-16T12:00:00
B0424,R001,185,2024-03-07,2024-03-10,2024-03-09,4221087.0,completed,paid,,2024-03-07T10:00:00,2024-03-10T12:00:00
B0425,R007,130,2024-06-15,2024-06-17,,1235844.0,completed,paid,,2024-06-15T10:00:00,2024-06-17T12:00:00
B0426,R003,50,2024-09-08,2024-09-12,,4852788.0,completed,paid,,2024-09-08T10:00:00,2024-09-12T12:00:00
B0427,R017,160,2024-11-28,2024-12-02,2024-12-01,2698476.0,completed,paid,,2024-11-28T10:00:00,2024-12-02T12:00:00
B0428,R009,42,2025-12-28,2026-01-02,,9304000.0,completed,paid,,2025-12-28T10:00:00,2026-01-02T12:00:00
B0429,R018,160,2024-12-28,2025-01-02,,6744265.0,canceled,unpaid,,2024-12-28T10:00:00,2025-01-02T12:00:00
B0430,R010,188,2025-05-13,2025-05-18,,8738270.0,completed,paid,,2025-05-13T10:00:00,2025-05-18T12:00:00
B0431,R013,159,2024-12-05,2024-12-07,,2277728.0,canceled,unpaid,,2024-12-05T10:00:00,2024-12-07T12:00:00
B0432,R002,123,2025-12-17,2025-12-22,2025-12-23,4318865.0,completed,paid,,2025-12-17T10:00:00,2025-12-22T12:00:00
B0433,R017,194,2024-10-03,2024-10-08,,3372725.0,completed,paid,,2024-10-03T10:00:00,2024-10-08T12:00:00
B0434,R005,38,2025-11-15,2025-11-16,,813653.0,completed,paid,,2025-11-15T10:00:00,2025-11-16T12:00:00
B0435,R017,135,2024-01-18,2024-01-23,,6217440.0,canceled,unpaid,,2024-01-18T10:00:00,2024-01-23T12:00:00
B0436,R013,132,2025-08-04,2025-08-07,,5725788.0,canceled,unpaid,,2025-08-04T10:00:00,2025-08-07T12:00:00
B0437,R014,162,2025-11-17,2025-11-20,,3841620.0,completed,paid,,2025-11-17T10:00:00,2025-11-20T12:00:00
B0438,R013,152,2024-02-16,2024-02-18,,3088670.0,completed,paid,,2024-02-16T10:00:00,2024-02-18T12:00:00
B0439,R005,19,2025-05-07,2025-05-08,,1261085.0,completed,paid,,2025-05-07T10:00:00,2025-05-08T12:00:00
B0440,R019,180,2024-02-25,2024-02-28,2024-02-27,1622301.0,completed,paid,,2024-02-25T10:00:00,2024-02-28T12:00:00
B0441,R007,84,2024-01-21,2024-01-23,,3826646.0,completed,paid,,2024-01-21T10:00:00,2024-01-23T12:00:00
B0442,R014,166,2024-05-07,2024-05-09,2024-05-10,2658730.0,completed,paid,,2024-05-07T10:00:00,2024-05-09T12:00:00
B0443,R008,131,2025-01-08,2025-01-09,,985439.0,canceled,unpaid,,2025-01-08T10:00:00,2025-01-09T12:00:00
B0444,R014,80,2025-10-18,2025-10-19,,1802758.0,completed,paid,,2025-10-18T10:00:00,2025-10-19T12:00:00
B0445,R008,177,2025-01-13,2025-01-16,2025-01-17,1620171.0,completed,paid,,2025-01-13T10:00:00,2025-01-16T12:00:00
B0446,R009,80,2024-04-16,2024-04-19,2024-04-18,4830318.0,canceled,unpaid,,2024-04-16T10:00:00,2024-04-19T12:00:00
B0447,R013,99,2025-08-26,2025-08-30,,7998744.0,completed,paid,,2025-08-26T10:00:00,2025-08-30T12:00:00
B0448,R008,139,2025-12-19,2025-12-24,2025-12-23,7173825.0,completed,paid,,2025-12-19T10:00:00,2025-12-24T12:00:00
B0449,R015,17,2025-10-30,2025-11-01,2025-10-31,3019582.0,canceled,unpaid,,2025-10-30T10:00:00,2025-11-01T12:00:00
B0450,R018,49,2025-11-17,2025-11-20,,3593172.0,completed,paid,,2025-11-17T10:00:00,2025-11-20T12:00:00
B0451,R009,184,2024-09-27,2024-10-02,,7511285.0,completed,paid,,2024-09-27T10:00:00,2024-10-02T12:00:00
B0452,R008,182,2025-02-06,2025-02-11,,5747770.0,completed,paid,,2025-02-06T10:00:00,2025-02-11T12:00:00
B0453,R007,124,2025-10-22,2025-10-25,2025-10-24,4755663.0,completed,paid,,2025-10-22T10:00:00,2025-10-25T12:00:00
B0454,R012,191,2025-06-09,2025-06-10,,1974948.0,completed,paid,,2025-06-09T10:00:00,2025-06-10T12:00:00
B0455,R003,15,2025-08-11,2025-08-13,,1273266.0,canceled,unpaid,,2025-08-11T10:00:00,2025-08-13T12:00:00
B0456,R006,189,2025-02-06,2025-02-10,2025-02-11,7685396.0,completed,paid,,2025-02-06T10:00:00,2025-02-10T12:00:00
B0457,R002,126,2025-06-14,2025-06-17,,2449398.0,completed,paid,,2025-06-14T10:00:00,2025-06-17T12:00:00
B0458,R007,14,2025-04-20,2025-04-23,2025-04-22,2143440.0,completed,paid,,2025-04-20T10:00:00,2025-04-23T12:00:00
B0459,R007,151,2024-03-13,2024-03-17,,3268432.0,completed,paid,,2024-03-13T10:00:00,2024-03-17T12:00:00
B0460,R011,135,2025-05-03,2025-05-07,2025-05-08,3235028.0,completed,paid,,2025-05-03T10:00:00,2025-05-07T12:00:00
B0461,R007,52,2025-02-24,2025-02-27,2025-02-26,3940551.0,completed,paid,,2025-02-24T10:00:00,2025-02-27T12:00:00
B0462,R011,4,2025-04-18,2025-04-19,,592539.0,completed,paid,,2025-04-18T10:00:00,2025-04-19T12:00:00
B0463,R004,12,2024-06-27,2024-06-30,,4063128.0,completed,paid,,2024-06-27T10:00:00,2024-06-30T12:00:00
B0464,R015,11,2025-11-12,2025-11-14,,1300256.0,completed,paid,,2025-11-12T10:00:00,2025-11-14T12:00:00
B0465,R010,22,2025-05-15,2025-05-16,,1984374.0,completed,paid,,2025-05-15T10:00:00,2025-05-16T12:00:00
B0466,R012,115,2024-05-17,2024-05-18,,1330879.0,completed,paid,,2024-05-17T10:00:00,2024-05-18T12:00:00
B0467,R001,173,2024-08-25,2024-08-28,,2003157.0,completed,paid,,2024-08-25T10:00:00,2024-08-28T12:00:00
B0468,R001,163,2024-07-22,2024-07-25,,3790158.0,completed,paid,,2024-07-22T10:00:00,2024-07-25T12:00:00
B0469,R008,155,2024-06-03,2024-06-06,,4085220.0,completed,paid,,2024-06-03T10:00:00,2024-06-06T12:00:00
B0470,R006,155,2024-10-30,2024-11-04,,5097510.0,completed,paid,,2024-10-30T10:00:00,2024-11-04T12:00:00
B0471,R004,17,2025-09-02,2025-09-03,,842932.0,completed,paid,,2025-09-02T10:00:00,2025-09-03T12:00:00
B0472,R004,82,2024-06-10,2024-06-15,,3595630.0,completed,paid,,2024-06-10T10:00:00,2024-06-15T12:00:00
B0473,R007,17,2025-08-04,2025-08-06,,1562574.0,completed,paid,,2025-08-04T10:00:00,2025-08-06T12:00:00
B0474,R020,60,2025-05-22,2025-05-23,,1269750.0,canceled,unpaid,,2025-05-22T10:00:00,2025-05-23T12:00:00
B0475,R004,118,2024-06-08,2024-06-12,,5009624.0,completed,paid,,2024-06-08T10:00:00,2024-06-12T12:00:00
B0476,R011,135,2024-07-21,2024-07-26,,9607365.0,canceled,unpaid,,2024-07-21T10:00:00,2024-07-26T12:00:00
B0477,R005,23,2025-09-18,2025-09-22,2025-09-21,4155984.0,completed,paid,,2025-09-18T10:00:00,2025-09-22T12:00:00
B0478,R009,1,2025-11-06,2025-11-09,,5925555.0,completed,paid,,2025-11-06T10:00:00,2025-11-09T12:00:00
B0479,R002,108,2024-08-18,2024-08-22,,3939216.0,completed,paid,,2024-08-18T10:00:00,2024-08-22T12:00:00
B0480,R013,59,2025-10-13,2025-10-14,,1288237.0,completed,paid,,2025-10-13T10:00:00,2025-10-14T12:00:00
B0481,R013,185,2024-08-09,2024-08-14,,7396860.0,completed,paid,,2024-08-09T10:00:00,2024-08-14T12:00:00
B0482,R014,70,2024-11-26,2024-12-01,,9567840.0,completed,paid,,2024-11-26T10:00:00,2024-12-01T12:00:00
B0483,R001,108,2024-02-20,2024-02-21,,519767.0,canceled,unpaid,,2024-02-20T10:00:00,2024-02-21T12:00:00
B0484,R014,129,2025-02-19,2025-02-20,,1758917.0,completed,paid,,2025-02-19T10:00:00,2025-02-20T12:00:00
B0485,R007,79,2024-10-18,2024-10-23,2024-10-24,9537620.0,completed,paid,,2024-10-18T10:00:00,2024-10-23T12:00:00
B0486,R018,156,2025-05-01,2025-05-03,2025-05-02,1603362.0,canceled,unpaid,,2025-05-01T10:00:00,2025-05-03T12:00:00
B0487,R011,45,2024-01-13,2024-01-18,,3263000.0,completed,paid,,2024-01-13T10:00:00,2024-01-18T12:00:00
B0488,R020,167,2025-11-27,2025-12-02,2025-12-03,9258340.0,completed,paid,,2025-11-27T10:00:00,2025-12-02T12:00:00
B0489,R012,41,2024-01-02,2024-01-06,,5395936.0,completed,paid,,2024-01-02T10:00:00,2024-01-06T12:00:00
B0490,R003,136,2024-03-06,2024-03-11,,9099775.0,completed,paid,,2024-03-06T10:00:00,2024-03-11T12:00:00
B0491,R018,65,2024-02-01,2024-02-02,,617219.0,completed,paid,,2024-02-01T10:00:00,2024-02-02T12:00:00
B0492,R003,132,2025-07-08,2025-07-10,,2508298.0,completed,paid,,2025-07-08T10:00:00,2025-07-10T12:00:00
B0493,R017,153,2024-08-19,2024-08-22,2024-08-23,1573782.0,completed,paid,,2024-08-19T10:00:00,2024-08-22T12:00:00
B0494,R009,149,2025-01-13,2025-01-18,2025-01-17,6031060.0,completed,paid,,2025-01-13T10:00:00,2025-01-18T12:00:00
B0495,R014,89,2025-01-17,2025-01-18,,1895102.0,completed,paid,,2025-01-17T10:00:00,2025-01-18T12:00:00
B0496,R014,69,2025-04-19,2025-04-24,,7417860.0,completed,paid,,2025-04-19T10:00:00,2025-04-24T12:00:00
B0497,R001,172,2024-11-03,2024-11-04,,747387.0,canceled,unpaid,,2024-11-03T10:00:00,2024-11-04T12:00:00
B0498,R002,72,2024-02-02,2024-02-07,,4901150.0,completed,paid,,2024-02-02T10:00:00,2024-02-07T12:00:00
B0499,R018,51,2024-09-10,2024-09-11,2024-09-12,709174.0,canceled,unpaid,,2024-09-10T10:00:00,2024-09-11T12:00:00
B0500,R008,123,2025-08-02,2025-08-05,,4218423.0,completed,paid,,2025-08-02T10:00:00,2025-08-05T12:00:00
MCSYEH,201,031jasbclkjabsca,2026-01-06,2026-01-31,2026-01-06,13689500.0,completed,paid,Early checkout via Console,2026-01-06T10:07:55.918872,2026-01-06T10:12:00.070840
